AccountId,CreditAmount,DebitAmount,Description,Tag,TransactionDate
3,1135.29,132.71,lectus pellentesque at,Jewelery,2016-05-01
2,1121.56,58.05,congue risus semper porta,Toys,2016-02-13
1,1044.33,130.77,vel est donec odio,Beauty,2017-05-23
3,1243.32,75.42,in hac habitasse,Computers,2017-08-12
2,1032.85,163.90,etiam pretium iaculis,Outdoors,2017-09-04
2,1389.20,57.74,vulputate luctus cum sociis natoque,Tools,2017-07-17
3,1550.19,96.54,elit proin risus praesent,Sports,2016-12-07
3,1442.49,143.32,amet nunc viverra,Industrial,2016-10-02
3,1000.61,117.09,molestie lorem quisque ut,Kids,2018-02-08
2,1022.07,50.44,accumsan felis ut at dolor,Movies,2016-10-26
2,1222.56,123.77,sit amet cursus id turpis,Games,2016-01-02
2,1678.16,94.75,amet eros,Movies,2017-12-29
3,1952.76,30.00,et ultrices posuere cubilia,Automotive,2017-07-26
2,1117.45,5.27,mi pede,Toys,2017-11-24
3,1296.16,41.16,morbi porttitor lorem id,Home,2016-06-17
2,1553.96,31.63,turpis sed,Movies,2016-01-16
1,1351.24,104.57,duis faucibus,Industrial,2016-03-29
2,1247.96,127.03,ipsum primis in faucibus orci,Shoes,2017-01-29
1,1291.93,148.32,vel sem sed sagittis,Outdoors,2017-12-14
3,1524.76,26.02,bibendum morbi non,Toys,2018-02-12
3,1281.07,17.51,ut ultrices vel,Games,2016-08-08
2,1017.97,131.75,justo nec,Games,2017-12-30
2,1065.19,188.93,nibh fusce lacus,Movies,2016-01-28
2,1164.96,117.85,mollis molestie lorem quisque,Home,2017-06-06
1,1905.85,43.55,morbi ut odio,Industrial,2017-07-12
3,1210.32,199.30,purus sit amet,Grocery,2016-08-11
1,1442.20,197.54,amet diam in magna,Health,2016-11-09
3,1085.59,54.00,leo pellentesque,Movies,2016-03-02
1,1662.97,159.32,erat nulla,Books,2017-07-18
3,1385.65,64.00,ornare consequat,Beauty,2018-01-02
2,1007.37,51.32,integer ac leo pellentesque,Grocery,2017-06-16
3,1805.04,124.96,integer pede justo lacinia,Electronics,2016-07-25
2,1645.21,116.92,accumsan tortor quis,Jewelery,2017-02-14
1,1034.41,11.24,at nunc,Jewelery,2017-06-14
2,1040.87,63.26,penatibus et,Toys,2017-04-12
2,1431.40,86.97,pellentesque ultrices,Industrial,2016-09-22
2,1506.91,156.43,lacus morbi,Baby,2016-01-03
1,1115.01,34.58,posuere felis,Computers,2016-10-28
2,1860.53,118.13,a libero nam dui proin,Electronics,2017-04-03
3,1546.17,109.27,sapien non,Grocery,2016-10-17
1,1880.07,140.77,amet diam in,Baby,2016-02-02
1,1112.10,6.77,at nulla suspendisse,Electronics,2018-03-23
1,1647.47,41.98,in imperdiet et,Games,2017-05-24
3,1756.68,99.04,vel nulla eget,Toys,2017-07-07
2,1184.68,191.81,risus praesent lectus,Tools,2017-09-13
3,1133.01,146.75,porttitor lorem id ligula,Baby,2016-02-10
2,1384.57,71.18,vitae nisi,Tools,2017-12-13
3,1754.83,94.77,eu felis,Health,2016-03-03
3,1077.73,54.23,curae donec pharetra magna,Garden,2018-02-18
3,1027.76,33.15,gravida sem praesent id,Industrial,2017-05-27
1,1051.86,64.91,aliquam non mauris,Books,2016-07-30
1,1336.27,49.70,ut nunc vestibulum ante,Jewelery,2017-08-08
1,1559.54,145.90,justo in hac,Toys,2016-05-19
2,1238.51,173.82,laoreet ut rhoncus,Health,2016-01-30
3,1222.20,134.57,morbi vel lectus in quam,Electronics,2017-01-24
3,1655.83,92.94,etiam faucibus,Music,2016-11-23
3,1850.47,59.86,cum sociis natoque,Automotive,2017-03-18
3,1695.40,113.55,at nunc commodo,Industrial,2016-04-05
1,1242.26,69.74,primis in,Garden,2017-04-27
2,1516.82,44.75,pulvinar sed,Beauty,2017-01-31
2,1337.78,48.97,phasellus sit amet,Grocery,2016-11-04
3,1557.01,82.52,enim in tempor,Outdoors,2017-04-05
1,1729.22,19.38,sed vel enim sit amet,Music,2017-09-12
2,1615.77,141.96,nisl duis ac nibh fusce,Books,2016-08-18
1,1529.22,93.27,massa donec dapibus duis,Garden,2016-01-24
3,1766.52,160.17,integer aliquet,Books,2016-06-30
2,1723.40,91.67,eleifend luctus ultricies,Sports,2016-06-15
2,1124.53,169.64,ante ipsum,Health,2017-08-16
3,1510.19,114.27,ut massa quis augue luctus,Automotive,2017-08-22
2,1412.60,125.89,tincidunt in leo maecenas pulvinar,Industrial,2016-09-23
2,1067.73,21.26,eget semper rutrum nulla,Sports,2016-06-13
3,1230.60,107.45,nunc commodo placerat,Jewelery,2016-07-17
2,1074.60,19.36,enim leo rhoncus sed vestibulum,Health,2017-03-24
3,1164.62,135.21,sit amet nulla quisque,Electronics,2017-05-27
3,1684.92,90.87,maecenas leo odio condimentum id,Clothing,2016-01-19
3,1917.92,20.46,ultrices aliquet maecenas,Toys,2017-03-25
2,1436.59,38.94,eget vulputate,Books,2016-01-04
1,1940.88,111.74,ac nibh fusce,Grocery,2016-09-04
1,1139.76,193.89,hac habitasse platea dictumst maecenas,Sports,2016-06-14
3,1049.80,118.78,semper rutrum nulla nunc purus,Sports,2017-01-11
1,1364.62,178.15,lobortis convallis tortor risus dapibus,Tools,2017-01-27
2,1666.48,116.41,donec ut mauris eget,Computers,2018-03-17
3,1964.10,84.10,mattis odio donec,Books,2018-01-18
3,1660.15,23.73,cras mi pede malesuada in,Jewelery,2018-02-06
2,1526.26,57.49,cras in,Home,2017-03-17
2,1646.54,37.36,ut volutpat sapien,Clothing,2016-10-19
2,1168.09,18.95,lacus at turpis donec posuere,Sports,2017-06-12
1,1871.59,147.66,mauris vulputate elementum,Tools,2016-06-01
1,1199.10,97.51,nulla nisl nunc,Books,2017-09-09
2,1602.41,57.01,id nisl venenatis lacinia aenean,Health,2016-04-16
3,1963.59,126.79,blandit nam nulla integer,Electronics,2017-06-27
2,1110.69,194.11,sit amet sem fusce consequat,Home,2016-03-25
3,1883.75,174.65,viverra diam vitae,Electronics,2016-08-05
1,1306.93,147.33,est risus auctor,Electronics,2016-08-13
2,1444.33,146.75,ultrices posuere cubilia,Automotive,2018-02-12
1,1141.74,59.71,tellus nisi,Baby,2016-04-12
2,1383.82,77.25,lorem ipsum,Kids,2016-02-19
2,1178.22,66.43,libero non mattis,Kids,2016-04-10
3,1317.20,167.65,ac leo,Games,2016-03-27
2,1092.65,176.36,lorem ipsum dolor sit amet,Outdoors,2016-02-10
2,1387.48,191.15,morbi a ipsum integer a,Grocery,2017-11-13
3,1695.00,157.61,ultrices aliquet maecenas leo,Tools,2017-08-20
2,1519.71,171.08,donec vitae,Beauty,2016-09-26
2,1212.49,26.61,sit amet cursus id,Outdoors,2018-03-27
1,1938.59,107.88,lacinia eget,Computers,2016-12-07
2,1120.05,46.66,tortor id,Clothing,2017-04-15
3,1525.27,104.13,nulla nunc purus,Industrial,2018-01-19
1,1895.20,12.69,volutpat quam pede,Toys,2017-07-02
3,1588.47,193.47,lobortis sapien,Shoes,2017-11-17
3,1545.25,17.75,hac habitasse,Garden,2016-01-17
1,1091.49,29.71,eleifend quam a odio,Toys,2017-08-13
1,1690.61,49.52,feugiat non pretium quis lectus,Clothing,2017-12-31
2,1886.73,129.68,orci luctus,Beauty,2018-02-09
1,1281.01,189.15,nec dui luctus rutrum nulla,Kids,2017-01-03
1,1254.86,49.35,eros suspendisse accumsan,Garden,2017-08-30
1,1510.17,104.21,luctus et ultrices posuere,Tools,2016-11-23
2,1683.83,119.20,neque libero convallis eget eleifend,Health,2017-11-13
3,1682.27,106.39,rhoncus mauris enim leo,Electronics,2017-06-03
2,1759.70,121.63,in faucibus orci luctus et,Garden,2016-02-03
2,1373.15,104.09,eleifend luctus ultricies eu,Kids,2018-02-25
3,1160.15,79.75,donec diam neque vestibulum,Toys,2018-02-05
1,1945.33,171.95,platea dictumst aliquam augue quam,Home,2016-07-26
1,1796.03,174.39,platea dictumst aliquam augue quam,Toys,2018-01-26
2,1039.46,172.19,ac enim in,Grocery,2017-01-18
1,1852.33,195.16,dui proin leo,Toys,2017-01-17
2,1537.90,21.19,in libero ut,Grocery,2016-11-10
2,1562.86,7.13,sit amet nunc viverra dapibus,Sports,2017-05-23
3,1659.06,174.60,tempus vel pede,Kids,2016-11-17
2,1151.30,83.80,interdum mauris ullamcorper purus,Health,2017-06-18
3,1859.41,100.36,maecenas leo odio condimentum id,Shoes,2017-03-17
1,1433.81,88.55,imperdiet nullam orci,Industrial,2016-02-03
2,1601.75,92.42,integer tincidunt ante vel,Tools,2016-12-05
1,1040.21,26.93,dui vel sem,Grocery,2016-09-05
3,1848.17,195.95,lobortis sapien sapien non,Games,2016-08-16
3,1485.21,127.46,vivamus in felis eu,Electronics,2016-09-24
1,1631.54,180.93,nulla facilisi cras non velit,Jewelery,2016-06-10
2,1210.15,122.11,augue vestibulum rutrum,Toys,2016-03-01
2,1059.31,162.24,id turpis integer aliquet,Industrial,2017-09-08
1,1848.74,118.33,semper est,Automotive,2017-12-14
2,1002.69,43.62,habitasse platea dictumst maecenas ut,Baby,2017-11-17
2,1752.95,9.66,bibendum felis,Sports,2018-03-19
1,1073.00,137.35,duis mattis egestas metus aenean,Automotive,2016-08-15
2,1614.53,72.23,suscipit ligula in lacus curabitur,Movies,2017-12-09
2,1400.75,12.08,morbi vestibulum velit,Movies,2016-01-04
2,1631.93,190.54,odio consequat varius integer,Jewelery,2016-06-23
2,1459.34,81.64,ultrices posuere cubilia curae,Baby,2018-02-28
3,1703.14,79.89,in porttitor pede justo,Grocery,2017-10-02
1,1019.55,55.49,blandit ultrices enim lorem,Beauty,2017-03-06
1,1857.63,199.80,nulla suspendisse,Garden,2016-10-01
1,1219.58,174.21,elit ac,Toys,2016-09-15
1,1049.30,26.91,morbi non quam,Clothing,2017-05-12
2,1651.35,139.33,ut blandit,Beauty,2016-07-25
1,1568.18,102.92,integer aliquet,Jewelery,2018-01-12
3,1425.97,24.38,felis sed interdum,Books,2017-07-09
1,1964.85,72.89,faucibus orci,Jewelery,2017-07-08
1,1964.60,135.73,in lectus pellentesque at,Tools,2016-05-05
3,1001.56,14.86,vestibulum ante ipsum primis,Automotive,2018-03-13
2,1466.95,17.46,nulla facilisi,Books,2016-06-06
1,1116.20,70.43,nibh in lectus pellentesque at,Tools,2016-12-17
3,1388.48,18.01,dolor sit amet consectetuer,Garden,2016-07-20
1,1664.79,120.12,habitasse platea dictumst aliquam,Music,2016-03-31
3,1341.74,175.56,viverra eget,Baby,2017-08-28
1,1731.55,60.65,elementum eu interdum eu tincidunt,Automotive,2016-11-27
2,1516.80,18.24,felis donec semper sapien,Automotive,2016-06-11
2,1984.40,41.61,rutrum nulla nunc,Home,2016-07-12
1,1578.72,28.48,sed nisl nunc rhoncus,Computers,2016-09-20
1,1309.94,36.14,nullam orci pede venenatis,Beauty,2016-06-24
2,1931.61,60.33,ac leo pellentesque ultrices mattis,Clothing,2016-02-29
3,1035.72,17.63,donec posuere metus vitae,Health,2016-02-20
1,1570.57,86.13,molestie sed justo pellentesque viverra,Kids,2016-12-19
3,1827.10,180.89,quam pede,Shoes,2017-04-18
3,1895.84,128.01,curabitur gravida nisi at nibh,Baby,2016-02-03
1,1426.99,163.96,augue vestibulum ante,Electronics,2016-01-31
1,1124.58,138.05,amet consectetuer adipiscing elit proin,Baby,2017-09-18
1,1549.13,112.70,vestibulum velit id,Jewelery,2017-05-22
2,1163.88,24.56,morbi vestibulum velit,Beauty,2017-02-25
2,1444.59,21.04,libero nullam sit,Kids,2016-09-10
3,1514.09,103.85,sed justo pellentesque,Sports,2016-09-01
2,1297.89,12.03,tempor convallis nulla neque,Electronics,2017-08-17
2,1474.21,84.61,imperdiet nullam,Movies,2017-11-07
2,1701.54,93.13,in leo,Health,2016-09-22
3,1602.00,183.19,neque aenean auctor gravida,Automotive,2017-01-22
3,1357.40,149.13,quisque porta volutpat erat quisque,Grocery,2016-08-31
1,1466.86,60.48,id massa id nisl,Outdoors,2017-08-25
1,1079.20,174.81,ut massa quis augue luctus,Automotive,2017-06-06
1,1290.14,109.59,placerat praesent blandit nam nulla,Industrial,2017-01-08
3,1583.84,81.35,dapibus dolor vel est donec,Books,2016-05-19
2,1499.38,190.12,erat vestibulum sed,Computers,2016-09-15
1,1908.97,181.88,metus vitae,Clothing,2017-01-07
3,1832.77,59.79,metus vitae ipsum aliquam non,Music,2017-11-07
1,1354.03,12.32,volutpat eleifend,Garden,2017-07-20
1,1699.01,110.63,dui proin,Automotive,2018-03-10
1,1283.96,134.83,ante ipsum primis,Automotive,2016-08-16
2,1313.41,24.32,nascetur ridiculus mus vivamus vestibulum,Clothing,2017-04-13
1,1874.46,77.72,morbi non quam,Home,2018-02-11
3,1202.61,65.79,et ultrices posuere cubilia,Garden,2016-06-13
2,1985.10,179.25,ultrices posuere cubilia,Sports,2017-12-07
3,1005.30,16.50,vestibulum sed magna at,Music,2017-05-01
1,1419.46,122.61,sem sed,Shoes,2018-02-14
3,1601.68,106.68,eleifend donec ut,Electronics,2016-01-08
1,1875.58,160.50,mattis egestas,Games,2017-06-28
1,1213.97,114.29,accumsan tortor quis turpis sed,Shoes,2018-01-20
2,1394.15,124.21,orci luctus et ultrices posuere,Toys,2016-09-17
2,1690.82,187.62,id pretium iaculis diam erat,Baby,2016-10-28
2,1091.11,177.22,rutrum nulla,Tools,2016-10-03
3,1142.94,80.06,eget orci vehicula condimentum curabitur,Shoes,2017-12-09
1,1495.86,86.63,in leo maecenas,Jewelery,2018-03-14
3,1397.78,158.29,ligula in lacus,Electronics,2017-10-06
2,1320.72,91.77,in quam,Grocery,2017-09-28
3,1372.27,130.25,sit amet,Health,2018-01-29
2,1539.49,41.39,libero ut massa,Kids,2016-08-05
1,1424.58,162.35,venenatis turpis enim blandit mi,Baby,2017-05-05
1,1013.40,191.74,quis orci eget orci vehicula,Automotive,2016-04-20
2,1932.91,14.84,morbi a ipsum integer a,Industrial,2018-03-07
1,1084.73,188.34,augue vestibulum rutrum rutrum,Electronics,2017-06-01
2,1967.39,119.95,quis odio consequat,Garden,2018-03-28
2,1722.95,137.94,mi integer ac neque,Toys,2017-11-27
2,1732.80,162.78,diam vitae quam suspendisse potenti,Industrial,2018-01-05
2,1150.78,25.88,eget semper,Tools,2016-01-05
3,1707.72,48.01,nulla suspendisse,Electronics,2016-06-10
1,1617.19,121.06,vel est donec,Baby,2017-08-29
1,1157.46,133.88,justo etiam pretium,Baby,2016-11-28
2,1684.32,155.36,placerat ante nulla justo aliquam,Jewelery,2017-02-05
2,1323.93,121.74,sapien non mi integer ac,Grocery,2016-05-15
2,1163.99,108.61,duis bibendum morbi,Health,2016-01-18
1,1196.17,124.91,donec vitae nisi nam,Toys,2017-01-13
1,1650.60,53.49,non interdum in ante,Clothing,2017-08-03
2,1608.55,150.27,ut odio,Grocery,2016-01-27
1,1359.01,195.76,non ligula,Movies,2017-05-16
2,1920.28,169.75,erat id mauris,Shoes,2017-10-08
3,1103.87,33.66,odio condimentum id,Garden,2016-05-12
3,1583.64,63.56,erat vestibulum sed,Automotive,2016-09-02
1,1557.12,115.05,nec sem duis aliquam convallis,Shoes,2017-03-20
1,1904.24,96.02,quam nec dui,Garden,2017-05-22
2,1414.88,96.57,convallis nunc proin at,Toys,2017-12-13
2,1187.62,164.13,purus aliquet,Computers,2016-06-09
1,1392.63,43.17,pharetra magna ac consequat,Garden,2016-04-20
3,1259.36,173.19,pede ullamcorper augue a suscipit,Movies,2016-11-03
2,1425.54,89.47,nam ultrices libero non,Toys,2016-06-29
2,1907.46,68.80,augue vel accumsan tellus nisi,Sports,2017-09-19
3,1413.65,57.25,maecenas tincidunt,Health,2017-06-02
2,1714.89,82.76,consectetuer adipiscing elit proin,Kids,2017-12-31
1,1710.22,124.26,ipsum primis in faucibus orci,Shoes,2016-03-20
2,1599.04,155.63,dictumst morbi vestibulum,Toys,2016-07-17
2,1089.92,103.74,fusce consequat nulla,Computers,2016-12-22
1,1664.67,93.86,arcu libero,Health,2017-07-17
1,1387.91,138.67,mauris laoreet ut rhoncus,Movies,2017-08-07
3,1695.89,160.38,faucibus orci luctus et ultrices,Movies,2017-12-31
3,1741.55,68.00,convallis duis consequat dui nec,Computers,2017-02-03
1,1615.36,134.08,curabitur at,Beauty,2017-11-10
1,1843.44,66.25,sed nisl nunc rhoncus,Computers,2017-10-14
2,1967.29,162.64,duis consequat dui nec nisi,Jewelery,2016-08-12
3,1294.31,195.81,a suscipit nulla elit ac,Garden,2016-06-14
2,1035.36,163.56,nulla dapibus dolor vel est,Tools,2017-10-05
2,1140.22,32.86,primis in,Books,2016-10-10
3,1943.13,193.86,in blandit ultrices,Clothing,2016-09-16
1,1833.23,70.79,vivamus vel nulla,Baby,2017-03-13
3,1447.01,56.39,dis parturient montes nascetur,Beauty,2016-12-21
1,1916.74,180.78,mauris morbi non lectus,Garden,2016-09-07
3,1174.02,26.87,dis parturient,Movies,2017-10-20
1,1180.52,25.00,amet justo morbi ut odio,Toys,2016-06-06
1,1156.66,188.23,a pede,Sports,2017-04-01
3,1261.81,157.96,donec odio justo sollicitudin,Automotive,2016-03-16
2,1673.16,174.19,felis donec semper sapien a,Electronics,2018-02-25
2,1262.29,30.81,lectus in est risus,Movies,2016-12-31
3,1250.26,26.02,diam erat fermentum justo nec,Kids,2017-05-07
1,1209.00,157.58,cubilia curae duis faucibus accumsan,Baby,2016-09-29
2,1908.31,14.53,sed tincidunt eu felis fusce,Books,2017-09-16
1,1023.07,133.57,quisque porta volutpat erat quisque,Kids,2017-10-12
3,1249.69,173.81,curae mauris viverra diam,Outdoors,2017-07-29
3,1488.75,11.76,ipsum ac tellus semper,Kids,2016-01-27
3,1896.82,177.40,natoque penatibus et,Garden,2017-05-27
1,1291.98,174.20,tortor quis turpis sed ante,Music,2018-02-12
3,1009.22,18.94,arcu adipiscing molestie,Beauty,2016-12-11
2,1045.72,19.53,lorem ipsum dolor sit,Health,2018-03-23
2,1037.69,103.24,ac consequat metus,Games,2017-05-18
3,1498.05,19.82,diam in magna bibendum,Shoes,2016-09-18
2,1612.03,162.71,amet turpis elementum,Beauty,2016-05-22
3,1900.69,55.73,lectus pellentesque eget nunc,Clothing,2016-03-29
1,1681.32,69.82,lacinia erat vestibulum,Games,2016-03-10
2,1673.63,144.70,eu est congue elementum in,Kids,2016-12-06
3,1238.30,105.53,tempus vel pede,Movies,2017-03-26
2,1128.22,71.72,eu sapien cursus vestibulum proin,Industrial,2017-04-09
1,1085.70,65.02,ut rhoncus aliquet pulvinar,Automotive,2017-10-04
1,1774.31,57.17,praesent blandit lacinia erat,Outdoors,2016-05-10
3,1749.49,84.51,eu massa donec,Jewelery,2017-10-13
2,1487.66,198.35,porta volutpat quam pede lobortis,Tools,2016-03-27
3,1930.87,97.84,amet erat nulla,Games,2017-02-27
1,1396.29,33.81,ipsum primis,Grocery,2016-10-29
1,1845.98,198.39,mi pede malesuada in,Computers,2016-05-14
1,1018.62,93.22,nulla elit ac,Jewelery,2016-02-18
3,1251.73,198.59,in quam fringilla,Sports,2017-08-04
2,1980.90,37.76,nunc donec quis orci eget,Shoes,2017-12-23
2,1490.29,112.49,blandit nam nulla integer pede,Toys,2017-11-19
1,1855.85,39.16,vel sem sed sagittis nam,Home,2016-06-29
3,1368.07,22.35,lectus aliquam sit amet diam,Garden,2016-12-20
1,1266.12,109.65,aliquet ultrices erat,Clothing,2016-01-25
1,1070.47,175.79,integer tincidunt ante,Industrial,2016-07-13
1,1500.56,72.70,ipsum primis in,Industrial,2017-10-11
2,1385.00,55.17,quis odio consequat varius integer,Home,2017-11-14
1,1566.86,112.68,ut rhoncus aliquet pulvinar sed,Automotive,2016-06-24
3,1532.61,122.68,quam a odio in,Computers,2018-03-15
3,1681.99,167.46,scelerisque quam,Outdoors,2018-03-22
1,1048.24,5.16,tortor sollicitudin,Industrial,2017-11-05
1,1427.01,134.49,donec odio justo,Shoes,2017-05-25
2,1919.04,22.81,erat vestibulum sed,Beauty,2016-01-05
1,1462.88,65.89,laoreet ut rhoncus,Garden,2016-09-06
2,1791.72,77.27,in est risus auctor,Jewelery,2018-03-25
1,1483.90,127.91,lacinia aenean sit amet,Outdoors,2016-03-17
2,1266.33,78.38,faucibus orci,Health,2016-10-31
2,1045.08,126.85,tortor id nulla ultrices aliquet,Industrial,2018-03-27
1,1044.40,145.94,sapien placerat ante nulla justo,Books,2017-11-12
1,1318.34,5.38,ut blandit,Kids,2017-02-28
2,1811.86,83.91,morbi quis tortor id nulla,Toys,2017-08-21
2,1356.60,148.80,turpis donec posuere metus,Beauty,2016-01-16
1,1687.30,76.53,adipiscing molestie,Home,2017-06-04
1,1158.29,117.15,ante vel ipsum praesent,Shoes,2017-10-24
1,1470.37,173.39,nulla facilisi cras non,Jewelery,2017-01-11
1,1091.25,131.72,nec nisi volutpat,Home,2016-07-29
1,1248.06,15.88,molestie nibh in lectus,Movies,2017-08-27
1,1687.25,27.53,nunc proin at turpis,Kids,2016-05-25
2,1241.18,105.04,semper porta,Outdoors,2017-02-23
2,1251.35,162.20,venenatis turpis enim,Books,2017-02-08
1,1787.90,30.58,pede ullamcorper augue a,Kids,2017-05-01
2,1186.56,156.30,morbi vestibulum velit,Books,2017-10-03
2,1692.19,79.90,in porttitor pede justo,Toys,2018-03-05
2,1435.21,62.55,sodales sed tincidunt eu felis,Toys,2017-06-18
2,1008.58,112.03,vitae quam suspendisse potenti,Shoes,2016-11-07
1,1394.07,32.70,aliquam sit amet diam in,Industrial,2016-09-19
1,1439.31,194.43,fusce lacus purus aliquet at,Tools,2017-01-16
1,1971.70,164.93,praesent blandit lacinia erat,Home,2017-08-13
3,1145.05,100.80,nullam porttitor lacus at turpis,Beauty,2018-01-15
2,1738.36,136.46,pede libero,Games,2018-02-19
2,1113.60,74.79,penatibus et magnis dis,Jewelery,2017-07-24
2,1593.98,74.17,dolor sit amet,Toys,2016-04-01
2,1731.51,128.81,volutpat dui maecenas tristique,Sports,2017-07-22
2,1588.68,99.90,nisl venenatis,Movies,2016-11-24
2,1044.77,139.63,quis lectus suspendisse,Outdoors,2016-08-21
1,1891.26,141.28,mauris morbi,Music,2016-11-15
3,1736.29,77.46,potenti in eleifend,Jewelery,2016-09-26
2,1255.49,157.13,nunc commodo placerat praesent,Tools,2017-05-06
2,1132.40,122.38,velit vivamus vel nulla,Industrial,2017-11-29
1,1289.78,189.54,donec ut,Automotive,2017-06-08
1,1873.34,116.56,quam turpis adipiscing lorem vitae,Garden,2018-02-06
2,1263.68,130.82,amet eros suspendisse accumsan,Industrial,2017-05-24
1,1214.73,117.46,vel augue vestibulum,Baby,2017-08-13
1,1377.67,15.35,orci luctus et,Computers,2016-12-23
3,1320.02,86.62,fusce consequat,Jewelery,2017-02-12
1,1608.87,41.42,vivamus tortor duis mattis,Health,2016-05-07
2,1584.09,22.26,mauris lacinia,Grocery,2016-02-18
1,1649.42,32.96,ante ipsum,Clothing,2016-11-25
3,1030.19,184.06,auctor sed tristique in tempus,Toys,2017-05-14
2,1803.13,165.84,vitae ipsum aliquam,Health,2017-01-11
2,1650.71,152.84,lacus morbi quis tortor id,Baby,2017-08-11
1,1839.33,27.50,augue aliquam erat volutpat,Computers,2017-06-09
2,1654.35,93.37,arcu sed,Electronics,2017-12-25
2,1705.26,184.63,quis turpis sed ante vivamus,Beauty,2017-11-12
2,1898.08,49.48,faucibus orci luctus et,Sports,2017-09-15
1,1349.31,43.97,ultrices erat tortor sollicitudin,Home,2018-02-15
3,1605.39,8.21,ligula nec sem,Movies,2017-01-19
2,1585.08,106.84,dolor morbi vel,Kids,2017-12-17
1,1493.04,147.37,felis eu sapien cursus,Clothing,2016-04-10
2,1738.95,147.22,in eleifend quam a,Toys,2018-02-01
3,1113.70,77.76,ante ipsum primis,Home,2017-08-01
1,1168.88,174.88,suspendisse ornare,Movies,2016-02-07
3,1121.32,105.80,montes nascetur ridiculus mus,Toys,2016-08-12
1,1565.11,180.97,semper porta,Outdoors,2017-02-09
1,1640.48,45.64,aliquam lacus,Sports,2016-09-02
2,1463.97,163.63,sociis natoque penatibus,Sports,2017-06-02
3,1804.11,104.96,sodales sed,Books,2017-04-28
1,1573.59,147.89,tristique est et tempus semper,Home,2017-11-14
3,1769.50,177.11,pellentesque ultrices phasellus id,Computers,2016-12-22
3,1146.58,63.03,a pede posuere nonummy integer,Grocery,2016-02-14
2,1150.07,179.62,vestibulum velit id pretium iaculis,Tools,2016-10-24
2,1272.03,155.08,donec vitae nisi,Computers,2016-11-05
2,1037.89,35.32,mauris ullamcorper,Sports,2016-10-30
1,1133.87,96.61,sit amet eros,Books,2017-05-31
3,1238.10,70.10,tellus semper interdum mauris,Kids,2018-02-28
3,1672.37,97.92,nunc proin at turpis,Games,2017-05-14
1,1809.96,9.31,donec ut dolor,Automotive,2016-01-22
3,1856.96,163.97,platea dictumst maecenas ut,Health,2017-12-30
2,1298.33,80.90,nisl aenean lectus pellentesque eget,Movies,2016-06-29
1,1866.30,14.73,libero convallis eget eleifend,Kids,2016-01-15
3,1061.07,138.85,ultrices enim,Beauty,2017-02-21
1,1935.55,21.94,turpis eget elit,Shoes,2016-07-16
1,1681.64,108.58,luctus rutrum,Beauty,2017-01-23
3,1298.14,177.26,quis libero nullam sit,Computers,2017-02-04
2,1488.01,56.37,nulla justo aliquam,Beauty,2016-10-24
1,1903.15,132.42,integer non velit donec diam,Toys,2017-12-16
2,1967.07,80.27,quis orci nullam,Garden,2016-01-06
1,1096.19,10.26,interdum mauris ullamcorper purus,Games,2017-12-08
1,1829.69,23.19,volutpat quam,Movies,2017-10-15
3,1089.05,33.63,morbi vestibulum velit,Home,2017-04-12
3,1670.63,114.19,consectetuer adipiscing elit proin,Home,2016-05-01
1,1887.87,188.52,nonummy maecenas tincidunt,Toys,2017-08-11
3,1754.91,141.39,eget congue,Music,2017-03-03
1,1410.58,20.92,eget semper rutrum,Industrial,2017-08-05
3,1352.68,197.23,magnis dis parturient montes,Outdoors,2017-02-23
3,1409.85,155.61,a nibh in quis,Grocery,2017-05-09
2,1352.99,43.84,et magnis dis parturient,Jewelery,2016-07-01
1,1399.30,41.49,libero nullam sit amet,Kids,2016-03-02
1,1859.82,23.14,eu sapien cursus vestibulum,Home,2017-01-06
1,1800.41,85.73,vivamus tortor,Beauty,2016-02-07
2,1548.99,176.44,enim sit amet nunc viverra,Music,2016-02-02
3,1432.98,52.58,turpis sed ante vivamus,Computers,2018-03-28
1,1300.43,159.04,neque aenean,Garden,2016-02-20
2,1281.90,151.24,vulputate nonummy,Baby,2017-09-11
3,1534.10,37.93,in faucibus orci luctus et,Sports,2016-07-06
1,1667.65,9.65,lectus suspendisse potenti in eleifend,Games,2016-07-12
3,1934.81,195.63,aliquam quis turpis eget,Sports,2017-12-07
2,1580.49,80.02,ut dolor morbi,Games,2016-09-14
3,1409.38,159.95,dictumst aliquam augue,Outdoors,2017-11-09
2,1368.68,163.90,platea dictumst etiam faucibus,Outdoors,2017-12-11
2,1014.55,61.91,dapibus dolor vel est donec,Computers,2018-02-20
3,1217.27,23.59,enim leo,Kids,2017-03-07
1,1187.83,165.92,lacinia eget tincidunt eget,Shoes,2017-04-06
2,1815.57,48.90,nulla mollis molestie lorem quisque,Books,2017-11-17
1,1675.78,184.35,et magnis dis parturient montes,Sports,2017-10-30
3,1291.00,146.08,consequat ut nulla,Garden,2016-10-02
1,1079.49,105.62,in sapien iaculis congue vivamus,Automotive,2016-08-03
2,1070.65,135.00,sit amet sapien,Shoes,2017-04-22
1,1468.12,95.52,integer aliquet massa id lobortis,Jewelery,2017-05-30
1,1173.13,9.50,vulputate elementum nullam,Health,2017-05-24
3,1897.20,61.58,etiam justo,Home,2016-09-24
3,1322.71,60.97,varius ut blandit non interdum,Electronics,2016-11-06
2,1366.27,7.97,etiam vel augue vestibulum rutrum,Sports,2016-11-12
3,1795.25,57.72,purus eu magna vulputate luctus,Outdoors,2017-10-31
2,1292.12,120.93,convallis duis consequat dui,Music,2016-05-25
2,1290.37,138.58,natoque penatibus et magnis dis,Toys,2016-03-26
3,1672.62,117.68,leo rhoncus,Grocery,2016-03-04
1,1732.97,115.70,pellentesque ultrices phasellus,Grocery,2017-11-25
2,1295.07,20.24,sapien sapien non,Movies,2016-03-08
1,1239.47,90.40,suscipit a feugiat et eros,Movies,2016-08-21
1,1227.47,178.63,vulputate vitae nisl aenean lectus,Automotive,2016-02-12
1,1326.07,63.44,nascetur ridiculus mus etiam,Sports,2016-11-13
1,1097.11,188.08,felis eu sapien,Sports,2016-04-20
1,1615.80,133.11,quisque arcu libero rutrum,Automotive,2018-01-17
1,1496.80,44.68,et ultrices posuere cubilia,Baby,2016-07-29
3,1361.13,59.66,et eros vestibulum ac est,Shoes,2016-12-16
3,1860.78,173.13,gravida nisi,Garden,2016-02-15
1,1698.47,15.88,pharetra magna vestibulum,Health,2016-11-26
2,1325.00,164.40,pretium iaculis justo,Automotive,2016-11-14
2,1885.56,170.54,aliquam sit amet,Automotive,2017-03-10
3,1790.34,133.01,purus sit,Games,2018-02-02
1,1614.32,150.64,augue vestibulum rutrum rutrum neque,Jewelery,2016-06-11
2,1584.62,144.69,nullam varius,Beauty,2016-12-24
3,1917.56,173.24,at turpis donec posuere metus,Movies,2016-08-05
3,1739.51,52.82,dui vel nisl duis,Grocery,2017-01-09
2,1774.16,193.42,tempus semper,Games,2016-09-22
2,1818.49,79.03,amet lobortis sapien sapien non,Books,2016-05-11
2,1898.13,130.99,dignissim vestibulum vestibulum,Sports,2017-11-24
1,1469.97,7.86,lectus pellentesque eget nunc,Games,2017-08-14
2,1906.08,193.47,scelerisque quam turpis adipiscing lorem,Computers,2017-10-29
2,1129.98,153.58,ligula vehicula consequat morbi a,Industrial,2017-02-03
2,1622.83,89.13,ante nulla,Sports,2017-08-07
2,1963.87,181.27,nibh in quis,Outdoors,2017-01-01
3,1499.68,139.41,interdum venenatis,Industrial,2017-03-01
2,1724.11,8.79,amet nulla quisque arcu,Toys,2017-11-08
2,1892.56,183.46,ac est lacinia,Sports,2017-05-06
3,1728.58,29.61,ut ultrices vel augue vestibulum,Toys,2017-02-12
2,1141.66,113.05,dolor sit amet consectetuer,Clothing,2017-06-30
2,1610.21,56.15,dui maecenas tristique est et,Games,2016-06-10
2,1381.74,117.53,mattis nibh ligula,Baby,2016-11-17
3,1016.38,129.85,nulla elit ac nulla sed,Books,2016-10-26
1,1397.16,125.94,maecenas tincidunt lacus at,Automotive,2018-01-22
3,1218.50,16.28,id turpis integer,Music,2017-08-25
1,1276.56,183.91,risus praesent lectus vestibulum quam,Movies,2016-05-16
3,1082.04,174.40,congue eget semper rutrum,Industrial,2016-10-06
2,1620.51,133.41,nulla ut erat id,Music,2016-09-22
2,1253.96,21.28,in faucibus orci luctus,Music,2018-01-25
3,1841.53,24.88,lorem vitae mattis nibh,Sports,2016-07-29
2,1351.50,71.70,velit vivamus vel,Automotive,2017-01-05
2,1155.25,120.63,et tempus semper est quam,Shoes,2016-02-20
1,1066.79,28.17,adipiscing lorem,Games,2017-06-05
2,1214.61,176.75,nisi eu orci,Tools,2016-07-24
3,1131.61,179.62,in blandit ultrices,Beauty,2017-09-24
2,1071.65,82.34,dui proin,Toys,2016-01-07
3,1466.49,11.21,interdum in,Grocery,2016-09-13
2,1727.56,87.31,curabitur in libero,Electronics,2017-12-28
2,1809.02,120.15,velit eu est,Industrial,2017-12-25
1,1787.61,28.39,purus sit,Beauty,2016-01-24
2,1085.66,184.49,aliquam convallis,Tools,2016-06-19
1,1342.95,66.50,amet consectetuer,Sports,2018-03-02
2,1468.07,131.24,penatibus et magnis,Outdoors,2016-06-18
2,1263.55,162.99,iaculis justo in,Industrial,2018-03-24
2,1690.75,167.66,tincidunt ante vel ipsum,Tools,2016-08-09
1,1211.21,198.83,sed tristique in,Garden,2017-01-29
3,1974.02,119.27,ridiculus mus etiam vel,Music,2017-09-17
3,1825.14,83.54,cras mi pede malesuada,Outdoors,2017-04-20
2,1115.80,115.13,turpis eget elit sodales,Computers,2018-02-27
2,1877.60,194.54,sed nisl,Baby,2016-01-26
3,1305.93,155.79,dolor morbi vel,Garden,2017-12-07
2,1902.21,61.90,nibh in lectus pellentesque at,Grocery,2018-03-05
1,1443.33,40.68,lacinia erat,Clothing,2016-09-23
1,1914.23,130.04,fermentum justo,Computers,2016-04-07
3,1204.91,18.37,ac est lacinia nisi venenatis,Garden,2018-01-09
1,1495.10,181.48,id nulla ultrices aliquet,Outdoors,2016-03-06
3,1396.98,54.60,non mattis,Shoes,2016-01-25
2,1236.76,138.37,ultrices posuere cubilia curae,Garden,2017-08-07
3,1856.46,52.88,vitae quam suspendisse potenti,Industrial,2016-10-07
1,1721.73,180.03,viverra pede ac,Toys,2016-01-09
2,1629.73,84.30,ligula in lacus,Tools,2018-03-28
2,1130.80,22.68,ipsum integer,Movies,2017-05-22
3,1054.61,51.86,suscipit nulla elit ac,Music,2016-02-03
1,1046.54,32.46,mauris eget,Automotive,2018-01-22
3,1782.24,42.38,ullamcorper purus sit amet nulla,Industrial,2016-01-19
2,1173.72,141.64,id ornare imperdiet sapien,Outdoors,2017-03-27
1,1336.41,61.07,praesent id massa,Toys,2017-03-18
3,1332.84,193.39,quis augue luctus tincidunt nulla,Industrial,2018-03-24
2,1239.79,181.17,nulla nunc purus,Books,2017-07-29
3,1836.97,66.21,praesent id massa id nisl,Movies,2018-02-18
3,1853.40,145.21,cras in purus eu magna,Shoes,2017-06-08
1,1723.21,147.54,amet sapien,Books,2016-10-03
1,1612.44,137.79,sapien a libero,Movies,2016-07-14
3,1948.05,51.69,luctus et ultrices posuere cubilia,Clothing,2017-12-02
1,1642.20,59.80,in hac habitasse platea,Beauty,2017-10-08
3,1657.48,6.70,pulvinar sed nisl,Beauty,2017-01-16
1,1859.18,112.52,amet diam in magna,Clothing,2017-11-11
2,1174.20,85.28,elementum pellentesque quisque porta volutpat,Books,2016-02-02
3,1309.76,92.73,maecenas tristique est,Beauty,2018-02-19
2,1995.34,98.61,quam sapien varius ut blandit,Home,2016-12-09
2,1624.14,6.84,cras non velit nec nisi,Sports,2016-11-16
1,1814.77,15.20,justo lacinia,Automotive,2018-02-19
2,1538.48,126.59,sed vel enim,Tools,2016-03-14
2,1126.45,142.49,eget rutrum at lorem integer,Outdoors,2016-09-17
1,1419.42,193.28,est phasellus sit,Grocery,2018-01-23
1,1530.41,30.15,gravida nisi at nibh in,Kids,2016-12-20
2,1748.88,38.75,tristique est,Beauty,2018-02-09
1,1360.00,70.28,mi integer,Computers,2016-09-19
2,1793.73,192.92,cras mi,Health,2017-10-26
3,1562.56,64.43,habitasse platea,Beauty,2016-10-02
1,1689.69,131.88,integer tincidunt ante,Electronics,2017-11-10
2,1504.78,27.01,sed ante vivamus tortor,Outdoors,2016-02-20
2,1886.45,96.12,sit amet turpis,Tools,2017-05-20
3,1327.39,135.75,platea dictumst morbi,Kids,2018-01-23
1,1738.13,162.82,a ipsum integer a nibh,Computers,2017-12-13
2,1970.00,47.45,ac diam cras,Computers,2016-05-11
2,1850.00,85.99,hac habitasse,Kids,2017-01-28
3,1905.22,109.20,sagittis nam,Jewelery,2017-06-25
2,1207.50,143.31,sapien a libero nam,Movies,2017-12-19
3,1678.02,124.50,pretium quis lectus,Tools,2018-02-15
1,1800.99,93.96,sodales sed tincidunt eu felis,Movies,2017-08-29
1,1447.55,60.27,non sodales sed,Health,2018-03-23
1,1267.41,157.07,justo sollicitudin ut suscipit,Home,2018-02-08
1,1644.32,30.81,ultrices posuere,Clothing,2018-01-07
1,1166.18,24.40,interdum venenatis turpis enim blandit,Books,2016-05-15
2,1437.93,95.68,nulla suspendisse potenti,Shoes,2016-08-10
1,1149.81,165.67,scelerisque mauris sit amet,Computers,2017-11-09
3,1110.24,50.92,erat vestibulum sed magna,Outdoors,2017-04-11
2,1086.62,15.15,gravida nisi at,Grocery,2017-02-16
2,1491.93,194.35,morbi non quam nec dui,Outdoors,2018-01-16
2,1363.48,15.70,donec vitae nisi nam ultrices,Automotive,2018-03-31
3,1559.02,124.01,tincidunt in leo maecenas,Automotive,2016-03-23
1,1575.36,126.89,lacinia nisi venenatis tristique,Health,2016-09-30
2,1781.19,56.31,magnis dis parturient,Electronics,2016-01-05
3,1346.46,76.72,sapien urna pretium nisl,Baby,2018-03-28
2,1197.48,119.00,id ligula suspendisse ornare,Beauty,2016-04-05
3,1528.83,100.58,erat id mauris vulputate elementum,Music,2017-07-10
2,1459.02,176.22,eros viverra eget congue,Computers,2016-03-01
2,1897.24,56.12,faucibus orci luctus,Music,2017-11-16
3,1871.50,89.21,justo sollicitudin,Garden,2017-03-05
3,1422.66,198.74,morbi a,Jewelery,2017-11-21
1,1373.19,192.72,pede justo,Tools,2016-08-27
2,1090.46,152.21,molestie lorem,Games,2016-04-08
2,1402.98,35.43,ligula pellentesque ultrices phasellus,Clothing,2016-03-11
3,1257.40,22.95,donec dapibus duis at,Clothing,2018-01-22
2,1646.27,184.38,sem mauris,Home,2017-03-16
3,1447.63,14.14,proin leo odio porttitor,Sports,2017-11-26
3,1555.72,149.45,est risus auctor sed tristique,Toys,2017-02-27
1,1827.93,66.73,nulla facilisi cras non,Games,2017-08-06
1,1357.21,123.77,nullam molestie nibh in lectus,Automotive,2017-07-01
3,1003.99,34.50,varius integer ac,Automotive,2018-01-19
3,1005.20,64.77,at vulputate vitae,Clothing,2016-02-09
1,1644.60,139.57,cubilia curae nulla,Clothing,2017-12-11
2,1331.95,53.60,nisi volutpat,Movies,2017-01-29
2,1338.34,196.39,ut massa,Home,2017-08-02
1,1137.04,152.54,et eros vestibulum ac est,Clothing,2017-10-06
2,1602.63,49.05,nunc commodo placerat,Home,2016-07-23
1,1522.57,36.00,congue eget,Health,2017-07-26
1,1485.06,44.91,purus eu magna vulputate luctus,Baby,2017-12-24
2,1383.56,59.99,dui proin,Toys,2017-05-21
2,1264.90,38.29,cras non velit nec nisi,Kids,2016-05-10
2,1672.58,194.51,dui proin leo,Grocery,2016-09-13
2,1278.89,87.14,at nibh in,Industrial,2017-12-19
1,1371.39,38.94,dolor vel est donec,Movies,2016-04-22
3,1484.33,97.05,arcu libero rutrum ac,Shoes,2017-08-01
2,1163.29,96.22,pharetra magna vestibulum,Movies,2016-03-14
1,1485.43,30.75,nulla suspendisse potenti cras,Automotive,2017-02-17
3,1795.93,99.57,ut mauris eget,Jewelery,2017-02-11
1,1671.20,29.95,vestibulum eget,Computers,2016-12-30
3,1449.97,79.17,penatibus et magnis dis parturient,Shoes,2016-10-24
1,1465.34,15.68,dapibus nulla suscipit,Music,2016-05-13
3,1395.22,103.85,nullam porttitor lacus at,Sports,2016-06-23
3,1707.18,109.77,volutpat convallis morbi odio odio,Beauty,2016-03-15
2,1750.14,75.55,lacinia eget tincidunt,Garden,2016-04-25
2,1704.77,102.29,tellus nisi eu orci mauris,Computers,2017-08-11
3,1312.57,108.70,augue a suscipit,Games,2017-11-17
3,1852.37,157.44,donec quis,Music,2016-12-10
2,1664.70,55.75,morbi vestibulum velit,Kids,2018-03-14
1,1383.99,161.25,quisque id,Grocery,2016-10-08
2,1268.65,174.23,eget eros elementum pellentesque,Beauty,2016-02-14
2,1132.08,80.81,nibh fusce lacus purus,Kids,2016-08-23
2,1777.89,37.95,libero nullam sit amet,Industrial,2016-04-16
2,1549.49,137.72,mauris eget massa tempor convallis,Toys,2016-03-03
3,1269.30,110.07,lorem id ligula suspendisse ornare,Kids,2017-07-09
2,1772.76,76.66,mauris non ligula pellentesque,Home,2017-03-12
3,1280.01,140.94,maecenas ut,Music,2016-05-22
1,1778.45,107.62,nam dui proin leo odio,Toys,2017-10-01
2,1258.17,27.72,nec nisi,Home,2016-02-14
2,1288.20,158.56,justo eu massa,Grocery,2016-01-12
1,1059.55,199.76,lectus pellentesque eget nunc donec,Tools,2016-12-30
2,1646.42,88.76,velit id pretium iaculis diam,Games,2017-07-29
1,1694.49,86.63,ultrices posuere,Music,2017-11-07
3,1108.85,104.35,nec nisi vulputate nonummy maecenas,Books,2017-12-01
2,1674.54,45.51,aliquam augue,Movies,2017-06-10
3,1411.95,111.07,libero convallis eget,Baby,2016-06-13
2,1852.29,77.58,id luctus nec molestie sed,Baby,2016-01-29
1,1709.33,106.59,dapibus dolor vel est,Clothing,2018-02-21
1,1922.10,80.67,ac nibh fusce lacus purus,Kids,2017-02-19
2,1345.34,125.83,dolor quis odio consequat,Health,2017-12-31
2,1669.90,104.54,placerat praesent blandit nam,Sports,2017-07-11
3,1354.07,10.90,nulla eget,Outdoors,2017-12-15
2,1734.01,165.76,amet sem,Garden,2016-11-10
3,1343.65,165.56,nam nulla integer,Sports,2018-01-06
3,1263.66,27.34,est risus auctor sed tristique,Outdoors,2016-07-06
3,1536.54,50.96,tempor convallis nulla neque libero,Outdoors,2016-06-25
3,1361.12,148.88,congue etiam justo,Movies,2017-09-15
1,1263.84,166.44,consequat metus sapien ut,Movies,2016-04-22
1,1237.96,190.80,sapien sapien,Health,2017-11-08
1,1343.53,9.24,metus aenean fermentum donec,Industrial,2017-01-06
1,1992.22,16.53,tellus in sagittis dui vel,Computers,2017-09-04
3,1930.45,38.57,donec dapibus duis at,Clothing,2017-11-26
3,1382.73,152.14,elit proin interdum,Music,2018-02-22
3,1690.54,114.97,felis eu sapien,Health,2017-03-09
1,1318.23,39.23,sapien sapien non mi integer,Outdoors,2016-06-05
3,1584.25,60.70,vitae nisl,Sports,2017-03-06
3,1536.40,153.56,aliquam augue quam,Movies,2016-09-27
3,1892.53,68.11,amet lobortis sapien sapien non,Toys,2017-08-29
2,1253.06,80.67,tortor quis turpis,Toys,2018-01-22
1,1297.65,101.18,vulputate luctus cum sociis natoque,Sports,2016-06-01
1,1462.91,46.53,aliquet massa id lobortis convallis,Health,2018-03-01
2,1736.17,127.03,facilisi cras,Home,2017-03-31
1,1407.12,90.37,in ante vestibulum ante ipsum,Kids,2018-03-20
3,1526.34,194.81,integer non velit,Clothing,2017-12-29
2,1348.70,110.95,leo pellentesque ultrices,Shoes,2016-02-16
2,1373.79,96.48,vitae nisi,Industrial,2017-06-21
3,1378.42,135.65,maecenas pulvinar,Home,2016-11-24
1,1681.10,156.35,lacus morbi quis tortor,Toys,2016-08-18
2,1701.52,168.23,montes nascetur ridiculus mus,Automotive,2018-02-21
3,1877.07,66.67,sem duis aliquam convallis nunc,Jewelery,2016-08-19
2,1937.37,102.64,lectus in quam,Baby,2017-09-16
2,1412.53,13.30,nunc rhoncus dui vel sem,Tools,2017-01-01
2,1180.02,10.78,lacus at velit,Sports,2016-07-04
2,1833.04,130.60,ipsum dolor sit,Toys,2017-08-03
2,1413.15,7.97,nulla sed vel enim sit,Beauty,2016-06-03
3,1613.05,57.68,vel accumsan tellus nisi eu,Shoes,2016-06-12
1,1595.86,84.92,habitasse platea dictumst etiam faucibus,Clothing,2016-06-22
3,1643.66,91.91,tempor convallis nulla neque,Garden,2018-02-23
3,1062.43,17.85,consequat nulla nisl nunc nisl,Books,2017-12-15
3,1144.77,182.06,pharetra magna,Jewelery,2017-11-25
3,1934.47,74.90,nonummy integer non velit donec,Jewelery,2016-04-06
1,1066.35,52.22,neque vestibulum eget vulputate,Computers,2016-07-10
3,1914.21,167.47,quis orci nullam molestie nibh,Electronics,2016-06-04
2,1812.36,190.21,luctus cum,Tools,2017-06-19
3,1958.51,186.03,accumsan tellus nisi,Grocery,2017-01-14
2,1209.07,52.46,odio odio elementum eu interdum,Movies,2016-05-09
3,1237.60,174.51,blandit ultrices enim lorem,Music,2016-02-15
3,1562.10,59.63,libero nullam,Jewelery,2017-04-12
2,1745.31,37.77,urna ut,Electronics,2017-03-18
2,1466.94,110.93,lacus curabitur at,Clothing,2016-03-30
1,1475.11,81.52,dapibus duis at,Beauty,2017-01-24
2,1283.79,169.79,morbi porttitor lorem id ligula,Home,2017-03-31
2,1814.38,61.58,amet erat nulla tempus vivamus,Tools,2016-11-04
3,1106.56,79.01,purus aliquet at feugiat,Movies,2016-11-08
1,1927.77,138.74,nec nisi volutpat,Electronics,2016-02-03
2,1587.74,179.10,dolor sit amet consectetuer adipiscing,Movies,2016-07-11
2,1052.32,54.14,est phasellus sit amet erat,Tools,2016-01-03
3,1621.37,86.92,quis odio consequat,Outdoors,2016-05-08
3,1819.85,58.65,volutpat sapien arcu,Garden,2018-03-11
2,1999.88,76.64,phasellus sit amet erat nulla,Movies,2016-07-06
3,1055.74,16.57,lacus curabitur at,Clothing,2018-03-28
2,1428.59,188.46,amet cursus id,Toys,2016-11-04
2,1117.70,193.36,fusce consequat nulla nisl nunc,Music,2017-07-26
1,1444.02,106.84,vitae mattis nibh,Electronics,2016-10-16
1,1428.67,180.32,proin at turpis a pede,Garden,2016-09-13
3,1695.44,8.66,sed augue aliquam erat volutpat,Clothing,2017-04-28
3,1202.87,153.63,platea dictumst,Home,2017-09-14
3,1761.03,130.15,non sodales,Computers,2016-02-20
2,1245.32,13.41,volutpat sapien arcu,Sports,2016-08-21
2,1835.91,80.01,hendrerit at vulputate,Music,2017-04-12
1,1083.38,138.03,quis orci,Automotive,2017-08-09
1,1861.57,177.63,fermentum donec,Automotive,2016-09-16
1,1315.30,77.55,potenti in,Toys,2016-04-21
1,1490.28,187.65,a odio in hac,Kids,2016-08-08
3,1150.82,46.57,non mi,Music,2018-01-20
3,1325.53,26.63,purus phasellus,Tools,2016-05-17
2,1817.90,105.28,sem fusce,Computers,2017-03-25
1,1011.54,189.29,congue risus,Music,2017-12-15
3,1505.94,109.04,dolor quis odio,Computers,2016-07-20
2,1493.29,51.10,erat tortor sollicitudin,Clothing,2017-07-24
2,1583.32,12.79,at lorem integer tincidunt ante,Grocery,2017-07-15
2,1606.69,163.72,ac nulla sed vel,Grocery,2018-01-08
2,1148.06,25.30,magna bibendum,Jewelery,2016-08-14
2,1165.39,195.90,congue diam,Games,2017-10-12
1,1639.05,66.19,vivamus vel nulla,Baby,2016-06-04
3,1966.83,119.25,nonummy integer non velit,Movies,2018-02-17
1,1793.99,29.44,suscipit ligula,Garden,2016-07-26
1,1028.62,13.15,leo maecenas pulvinar lobortis est,Books,2016-09-28
1,1211.15,86.06,in quis justo maecenas,Automotive,2017-05-10
2,1329.03,109.67,diam vitae quam suspendisse potenti,Jewelery,2016-09-28
3,1022.42,137.46,justo maecenas rhoncus aliquam,Automotive,2016-07-26
2,1174.89,110.34,odio cras,Shoes,2016-01-31
1,1606.20,8.00,posuere felis sed lacus,Computers,2017-02-28
3,1588.71,167.90,ligula sit amet eleifend pede,Baby,2017-02-10
3,1091.05,104.92,vehicula condimentum,Music,2016-11-03
3,1701.67,183.35,suspendisse ornare consequat,Clothing,2017-04-30
1,1137.69,94.80,nibh quisque id justo sit,Clothing,2016-07-31
3,1296.07,85.08,felis donec semper sapien,Jewelery,2016-12-06
3,1208.85,177.33,magnis dis parturient montes,Toys,2016-12-14
1,1177.03,116.51,sit amet eros suspendisse,Kids,2017-01-11
1,1873.78,11.41,amet sapien dignissim vestibulum vestibulum,Books,2016-09-22
3,1633.91,98.79,nec euismod scelerisque quam,Garden,2018-01-04
1,1595.54,144.71,lacus purus aliquet at,Industrial,2017-07-23
3,1429.44,59.53,platea dictumst maecenas,Baby,2016-09-10
1,1445.61,77.35,tortor quis turpis sed,Clothing,2017-02-12
1,1273.63,63.84,lectus pellentesque,Movies,2016-11-19
2,1058.20,190.17,dictumst etiam,Home,2017-06-02
3,1185.43,143.33,lacinia erat vestibulum sed,Shoes,2017-11-19
3,1951.27,46.85,lacinia eget,Music,2017-05-19
1,1193.18,156.12,dapibus dolor vel est,Automotive,2017-08-29
1,1469.66,112.25,mattis odio donec vitae nisi,Clothing,2017-09-11
2,1629.04,185.43,porta volutpat erat,Books,2016-04-28
2,1050.33,11.39,turpis donec posuere metus,Automotive,2017-05-12
1,1936.26,86.68,consectetuer adipiscing elit proin interdum,Music,2016-10-03
3,1417.10,6.83,lorem vitae mattis nibh ligula,Music,2016-12-03
1,1619.91,112.84,quisque erat eros,Music,2018-01-27
2,1336.82,75.81,sit amet diam in magna,Jewelery,2017-09-13
1,1315.62,122.60,tempor turpis,Games,2017-05-13
2,1476.39,145.12,sapien arcu sed,Sports,2016-07-02
2,1534.20,179.10,at nunc commodo placerat praesent,Health,2016-03-04
3,1069.84,135.67,at velit,Books,2016-04-07
1,1489.29,20.01,metus arcu adipiscing,Health,2016-02-28
3,1617.52,19.45,in ante vestibulum ante ipsum,Books,2017-10-04
3,1106.88,180.55,pede venenatis non sodales,Games,2016-08-25
1,1940.55,102.89,in lectus,Computers,2016-03-14
3,1434.85,56.63,ligula pellentesque ultrices,Grocery,2018-02-04
3,1227.47,46.60,amet nunc viverra,Health,2017-04-27
3,1971.31,80.80,mi pede malesuada in,Books,2016-10-28
3,1778.06,22.96,augue vestibulum rutrum,Beauty,2017-11-20
3,1207.31,109.36,consectetuer adipiscing,Clothing,2017-06-23
3,1621.40,44.16,nulla nunc,Grocery,2017-07-02
1,1166.87,103.88,dolor morbi vel lectus,Automotive,2016-12-18
2,1676.68,48.01,rutrum neque aenean auctor gravida,Automotive,2016-05-03
3,1123.82,17.14,ultrices aliquet,Music,2017-05-14
2,1142.43,20.21,tristique fusce,Garden,2017-12-03
3,1334.51,110.96,hendrerit at,Outdoors,2017-05-24
1,1887.77,136.71,odio in hac habitasse platea,Computers,2017-05-07
1,1202.45,66.35,a libero nam,Home,2017-05-05
2,1043.75,130.78,luctus et ultrices posuere,Home,2017-01-08
2,1595.46,68.33,sociis natoque,Health,2017-01-14
1,1474.51,150.37,lorem quisque ut erat curabitur,Computers,2018-03-05
1,1023.30,49.26,libero quis orci nullam,Automotive,2016-09-22
2,1494.24,86.76,mauris lacinia,Tools,2018-02-25
2,1783.20,88.47,felis fusce posuere,Sports,2016-05-08
3,1343.09,58.65,a odio in hac,Health,2017-09-03
3,1959.91,140.39,eu orci,Industrial,2017-09-16
1,1935.07,34.75,iaculis diam erat fermentum justo,Automotive,2017-08-19
1,1095.24,73.91,sit amet erat nulla,Music,2017-08-29
3,1889.39,70.55,dolor vel est donec odio,Outdoors,2016-10-07
3,1937.04,54.98,posuere cubilia,Kids,2016-12-11
1,1221.06,114.12,sed augue aliquam erat,Tools,2016-10-02
1,1459.74,6.71,ac consequat,Kids,2016-11-30
3,1076.79,136.03,ultrices erat,Industrial,2016-07-09
3,1087.94,114.30,ipsum ac tellus,Toys,2016-01-11
1,1988.83,120.82,eget rutrum at,Baby,2017-04-08
1,1826.15,21.18,lacinia erat vestibulum,Sports,2017-04-04
3,1300.00,183.23,adipiscing elit proin risus praesent,Jewelery,2017-12-27
3,1510.32,160.09,ac neque duis,Industrial,2017-12-30
2,1577.41,190.88,iaculis justo in hac,Clothing,2016-06-20
3,1364.68,145.80,odio elementum eu interdum,Games,2016-01-04
3,1824.68,7.43,quis orci nullam molestie,Industrial,2016-04-29
2,1514.28,135.30,luctus et ultrices posuere,Computers,2016-03-13
3,1882.12,56.00,massa id nisl venenatis lacinia,Automotive,2017-08-27
3,1486.97,65.73,placerat praesent,Health,2016-11-08
2,1369.44,82.74,aliquet at,Books,2016-08-23
2,1200.13,27.01,velit eu est,Clothing,2017-04-01
1,1023.40,184.00,faucibus orci luctus et,Toys,2017-01-08
3,1190.60,112.55,mattis pulvinar nulla pede ullamcorper,Industrial,2016-07-18
3,1000.70,104.88,nulla sed,Computers,2016-05-02
2,1952.01,102.86,luctus tincidunt,Electronics,2016-10-04
2,1173.80,153.46,in felis donec semper sapien,Games,2017-09-28
2,1081.55,78.26,malesuada in imperdiet et commodo,Clothing,2017-10-01
3,1524.58,18.64,in hac habitasse platea,Baby,2018-02-21
1,1198.12,154.33,dictumst etiam faucibus cursus urna,Movies,2017-09-28
2,1828.42,8.00,eget tempus,Jewelery,2017-02-14
3,1262.76,147.16,nunc purus,Health,2017-06-06
2,1764.76,53.82,aliquam augue quam sollicitudin vitae,Books,2016-12-11
1,1959.16,136.22,in faucibus orci luctus,Toys,2017-09-19
1,1713.39,63.20,arcu adipiscing molestie hendrerit,Music,2016-04-25
2,1890.52,69.29,est et,Books,2017-09-19
2,1525.40,101.77,turpis adipiscing lorem vitae,Automotive,2016-12-02
1,1907.06,80.76,dolor sit amet consectetuer,Clothing,2017-03-28
3,1892.03,168.11,magna ac consequat metus,Books,2016-03-08
3,1624.81,113.56,convallis nulla neque,Home,2016-01-06
1,1945.72,61.13,eleifend luctus ultricies,Home,2016-08-14
2,1339.06,92.83,interdum in,Toys,2016-06-17
2,1526.90,14.14,ut volutpat,Games,2017-09-28
1,1404.88,28.72,vel augue vestibulum,Jewelery,2016-05-22
3,1472.54,141.81,lobortis est phasellus sit,Garden,2017-02-15
2,1554.63,176.15,in lectus pellentesque at nulla,Electronics,2017-01-15
1,1141.07,56.26,orci luctus,Movies,2016-09-08
2,1567.39,50.01,penatibus et magnis dis,Electronics,2016-07-12
3,1903.85,164.14,varius integer ac leo pellentesque,Outdoors,2017-09-13
1,1578.21,52.61,risus auctor,Beauty,2016-04-24
1,1090.83,184.84,imperdiet nullam,Clothing,2017-10-22
1,1005.97,163.82,nulla facilisi cras non,Shoes,2018-02-04
3,1807.49,163.37,nulla elit ac nulla sed,Tools,2017-12-31
2,1803.20,75.99,eget nunc,Books,2016-06-12
3,1043.29,152.17,quis tortor id nulla ultrices,Automotive,2016-06-11
2,1287.89,195.98,fringilla rhoncus mauris enim,Music,2016-12-12
3,1070.95,131.57,mattis pulvinar nulla,Electronics,2016-09-27
3,1182.50,5.52,mi pede malesuada in imperdiet,Shoes,2017-08-11
1,1365.04,103.54,natoque penatibus et magnis,Music,2016-02-24
2,1554.73,115.26,lobortis sapien sapien,Games,2017-08-12
2,1419.87,5.33,vestibulum proin eu mi nulla,Electronics,2017-01-05
2,1767.78,43.46,lacus at turpis donec,Books,2017-11-11
2,1013.11,168.89,elit ac nulla sed,Kids,2016-09-11
3,1471.26,71.26,odio consequat varius integer ac,Music,2017-03-19
2,1331.82,127.15,ipsum dolor sit amet,Health,2017-12-21
3,1885.02,142.25,ipsum primis in,Kids,2017-08-10
1,1608.75,126.45,tincidunt eget tempus,Tools,2016-11-13
2,1240.77,109.04,convallis eget eleifend luctus ultricies,Kids,2017-06-30
1,1862.74,79.29,porttitor id consequat in consequat,Grocery,2017-11-26
2,1013.56,159.69,accumsan tortor,Industrial,2016-10-24
1,1159.21,5.51,nisl ut volutpat sapien arcu,Kids,2016-08-31
2,1650.28,163.46,nulla ac,Health,2016-07-13
3,1206.78,190.58,in tempor,Music,2016-09-13
2,1767.37,170.96,id luctus nec molestie,Clothing,2018-03-20
1,1497.18,142.85,aliquam non mauris morbi non,Outdoors,2016-02-05
2,1620.21,71.76,amet consectetuer,Toys,2017-06-11
1,1573.94,48.63,in felis eu sapien cursus,Clothing,2018-01-04
1,1649.47,18.65,nulla mollis molestie lorem quisque,Books,2017-06-06
2,1149.18,31.57,vel accumsan tellus,Shoes,2016-09-05
1,1092.39,5.33,elit ac nulla sed,Grocery,2017-01-24
2,1233.00,165.77,in magna bibendum imperdiet nullam,Outdoors,2016-08-22
2,1232.51,41.06,amet consectetuer adipiscing elit proin,Books,2018-01-28
1,1784.80,88.01,eu magna vulputate,Computers,2016-03-10
2,1335.99,147.69,sapien cursus vestibulum,Health,2017-12-24
1,1306.79,111.96,nulla dapibus dolor,Toys,2016-06-12
1,1133.33,33.27,mauris ullamcorper purus,Toys,2017-10-09
1,1783.38,44.76,morbi non lectus aliquam,Baby,2017-12-12
1,1292.03,180.18,nullam varius nulla facilisi,Grocery,2017-12-20
1,1018.98,138.87,lorem ipsum dolor sit,Sports,2016-07-20
2,1668.23,70.56,phasellus in felis donec semper,Home,2016-11-30
2,1575.53,131.21,blandit non interdum in ante,Grocery,2016-02-18
3,1867.18,139.24,nulla sed accumsan,Electronics,2017-09-19
3,1378.93,62.63,iaculis justo in hac,Outdoors,2016-08-04
1,1546.57,138.33,in faucibus,Garden,2016-08-17
2,1658.53,150.99,volutpat sapien arcu,Electronics,2016-10-28
3,1097.23,139.59,rhoncus sed vestibulum,Tools,2016-04-14
1,1954.76,159.33,luctus ultricies,Automotive,2017-11-04
3,1229.21,172.63,ullamcorper purus sit amet nulla,Outdoors,2016-12-26
2,1639.23,89.10,maecenas rhoncus aliquam,Industrial,2017-12-22
3,1027.68,92.92,nulla mollis molestie lorem,Sports,2017-01-15
1,1293.42,61.75,nisi eu orci mauris,Movies,2017-05-23
2,1512.15,56.65,erat vestibulum sed,Baby,2017-08-03
2,1201.41,80.35,purus aliquet at,Beauty,2017-10-08
1,1471.02,74.31,dictumst maecenas ut massa quis,Tools,2017-06-29
2,1886.33,21.49,facilisi cras non velit,Garden,2017-05-29
3,1596.10,129.23,ridiculus mus,Sports,2018-03-31
3,1656.31,20.43,magnis dis,Shoes,2017-10-30
1,1624.88,89.58,augue luctus,Music,2018-02-22
1,1582.30,111.30,mattis egestas metus,Beauty,2017-12-23
3,1986.67,43.14,velit nec,Shoes,2017-07-12
3,1197.65,165.40,integer ac leo pellentesque ultrices,Electronics,2017-10-20
2,1452.24,76.23,odio porttitor,Baby,2017-02-07
2,1905.80,108.41,in est risus,Automotive,2017-08-27
3,1856.08,7.69,duis aliquam,Outdoors,2017-06-02
3,1831.82,124.93,risus auctor,Beauty,2018-01-13
2,1231.82,122.23,sit amet,Kids,2017-04-19
2,1117.13,62.35,amet nulla,Movies,2016-07-29
3,1352.49,17.44,justo eu massa donec dapibus,Grocery,2016-01-08
1,1861.12,67.00,morbi porttitor lorem id ligula,Health,2016-10-19
1,1199.07,33.74,nec molestie sed,Sports,2016-04-21
3,1995.89,43.30,nulla justo aliquam,Beauty,2017-03-09
2,1635.31,69.74,non quam nec dui luctus,Jewelery,2016-12-15
2,1099.85,134.93,penatibus et,Kids,2016-10-15
2,1376.72,134.42,nulla pede ullamcorper,Computers,2017-03-29
2,1835.72,47.05,leo odio porttitor,Computers,2016-12-21
1,1597.64,116.47,mauris non ligula pellentesque,Shoes,2017-10-09
3,1737.29,142.33,orci nullam,Games,2016-05-01
3,1597.75,74.97,rutrum at lorem integer,Music,2017-03-13
2,1847.49,43.16,est congue elementum in hac,Books,2016-07-31
1,1215.45,96.87,in lectus,Tools,2016-11-08
2,1553.76,153.13,ante vestibulum,Automotive,2016-09-16
1,1809.94,95.98,ipsum primis in,Movies,2017-10-27
3,1177.43,90.36,ultricies eu,Beauty,2016-07-26
1,1480.15,19.84,quis augue luctus,Industrial,2017-07-17
2,1917.36,79.73,vestibulum sed,Movies,2016-08-28
2,1126.39,126.00,eget semper rutrum nulla nunc,Movies,2017-07-30
3,1138.87,129.80,pellentesque at,Tools,2017-06-28
3,1691.80,137.07,duis at velit,Shoes,2017-04-19
1,1551.42,178.03,lacus at,Outdoors,2017-10-27
1,1570.18,71.14,mauris ullamcorper purus sit,Music,2017-10-22
2,1879.83,171.62,mauris lacinia sapien,Home,2016-01-03
1,1278.91,38.91,at velit,Music,2017-02-17
2,1835.08,157.45,consequat varius integer ac,Movies,2016-03-17
1,1708.16,15.68,mauris laoreet,Shoes,2016-08-26
3,1815.70,49.11,at dolor quis odio,Automotive,2018-01-15
1,1540.31,123.76,id sapien in sapien,Grocery,2016-06-24
1,1265.26,145.25,viverra diam vitae quam,Shoes,2016-05-25
3,1612.28,26.85,erat eros viverra eget,Computers,2016-03-04
3,1949.84,58.37,hendrerit at,Music,2016-01-13
1,1237.65,144.09,sapien varius ut,Clothing,2017-05-30
3,1110.49,156.27,eleifend donec ut dolor,Health,2017-12-04
3,1532.59,184.76,at feugiat non pretium,Shoes,2017-12-20
1,1174.22,150.29,ut erat id mauris vulputate,Clothing,2017-03-29
2,1774.07,190.69,sagittis sapien cum,Grocery,2016-04-13
3,1338.71,102.94,phasellus sit amet erat nulla,Toys,2016-09-13
3,1777.85,63.15,consectetuer eget rutrum at lorem,Beauty,2018-01-02
3,1996.66,148.26,mattis nibh ligula,Baby,2017-05-19
2,1721.31,30.63,quis turpis,Home,2018-03-03
2,1609.35,147.83,suspendisse accumsan tortor quis,Movies,2017-07-19
2,1180.83,133.70,tristique tortor eu pede,Shoes,2016-10-25
3,1404.03,119.90,quam turpis adipiscing lorem vitae,Books,2016-06-21
3,1716.82,103.53,tempus vivamus in felis eu,Health,2016-12-04
1,1382.58,24.86,elit proin interdum mauris non,Health,2018-03-30
3,1237.47,123.26,elit proin,Sports,2017-09-29
1,1905.37,42.02,amet sem fusce consequat,Computers,2018-02-03
3,1118.13,116.40,nulla nisl nunc,Electronics,2018-03-10
1,1036.76,147.21,in sagittis dui vel nisl,Home,2018-02-07
2,1364.76,175.28,posuere cubilia curae,Electronics,2017-12-26
1,1487.80,69.19,ligula in lacus,Movies,2016-12-20
2,1626.46,184.80,vestibulum sed magna at,Baby,2017-05-09
1,1818.43,36.48,hendrerit at,Books,2017-06-24
3,1974.74,177.92,cras pellentesque,Kids,2017-08-11
3,1889.33,140.86,justo sit amet sapien dignissim,Computers,2018-02-24
1,1787.91,29.93,donec vitae,Baby,2016-11-26
2,1127.58,112.78,suspendisse accumsan tortor quis turpis,Health,2016-01-30
2,1337.41,140.33,ornare imperdiet sapien,Computers,2016-05-08
2,1181.54,148.01,nam dui proin leo odio,Computers,2017-09-21
3,1920.68,119.40,nunc purus phasellus,Music,2016-02-11
2,1459.49,70.26,eu tincidunt in leo maecenas,Garden,2017-07-13
1,1299.48,108.39,arcu adipiscing,Games,2016-02-02
3,1008.49,79.40,justo maecenas rhoncus aliquam,Books,2017-09-20
2,1530.33,51.11,vivamus tortor duis,Garden,2017-11-28
3,1661.02,134.04,vel nisl duis,Health,2017-09-05
3,1431.52,37.05,quis libero nullam sit amet,Baby,2017-08-22
2,1271.70,174.40,pellentesque eget nunc donec,Garden,2017-08-18
1,1156.04,71.64,posuere felis sed,Kids,2016-02-07
2,1340.52,145.13,in faucibus,Jewelery,2016-12-11
3,1720.55,57.50,at feugiat non,Jewelery,2017-05-31
1,1631.70,99.69,faucibus orci,Toys,2017-10-17
3,1356.93,102.32,mi in porttitor pede justo,Health,2017-02-10
1,1863.94,182.26,aliquet maecenas leo odio,Tools,2017-08-18
3,1954.12,174.63,elementum nullam varius nulla facilisi,Industrial,2016-06-09
1,1321.91,61.48,amet lobortis,Shoes,2016-07-21
2,1075.54,93.00,sit amet erat nulla,Baby,2016-08-13
2,1558.21,192.11,est et,Games,2017-08-31
2,1362.20,124.36,nulla eget eros,Automotive,2018-03-14
3,1337.92,7.61,justo nec condimentum neque sapien,Baby,2017-03-31
3,1753.67,93.15,nisi venenatis,Automotive,2017-03-12
1,1513.11,25.55,metus aenean fermentum,Automotive,2016-05-11
2,1630.64,71.72,condimentum id luctus nec molestie,Books,2016-03-08
2,1331.47,68.34,luctus et,Sports,2016-05-16
3,1195.21,93.53,lacinia erat vestibulum sed magna,Electronics,2017-02-19
1,1847.30,164.93,ligula nec sem duis aliquam,Sports,2016-04-15
1,1033.47,138.35,in faucibus orci,Jewelery,2017-11-29
1,1138.50,42.47,mattis egestas metus aenean fermentum,Baby,2016-05-15
1,1407.80,57.33,metus aenean,Grocery,2016-11-17
3,1917.12,60.57,leo maecenas pulvinar lobortis,Clothing,2017-06-06
1,1874.67,65.91,cras in purus eu,Baby,2017-06-06
3,1167.53,74.30,sit amet,Garden,2017-01-22
1,1661.31,82.30,volutpat erat,Sports,2017-10-13
2,1456.17,157.57,donec posuere metus,Computers,2017-07-08
3,1002.88,179.29,vel nisl duis ac,Jewelery,2016-10-25
1,1301.65,68.32,non quam,Industrial,2017-02-11
2,1913.63,192.05,nulla nunc purus,Kids,2017-03-10
2,1034.45,80.71,eros vestibulum,Jewelery,2017-06-27
2,1276.08,8.14,in ante vestibulum ante ipsum,Shoes,2016-07-18
1,1130.98,153.38,neque sapien placerat ante nulla,Health,2016-08-24
1,1583.92,199.76,felis ut at dolor,Jewelery,2017-01-26
3,1887.06,162.58,eu interdum eu tincidunt,Books,2016-01-22
2,1186.23,36.80,eu orci mauris lacinia sapien,Games,2017-01-23
3,1518.62,88.78,imperdiet sapien,Baby,2018-03-29
3,1928.26,184.85,cras non velit nec,Computers,2018-02-02
2,1095.30,194.43,quis orci eget,Clothing,2016-11-05
1,1616.19,88.76,quis justo maecenas,Automotive,2017-08-06
3,1761.15,87.54,at lorem integer tincidunt,Electronics,2017-02-15
1,1681.38,170.14,lacinia erat vestibulum sed magna,Electronics,2016-01-14
3,1810.11,170.71,tortor quis turpis sed,Grocery,2017-01-14
3,1871.90,115.81,vestibulum velit id pretium iaculis,Grocery,2016-08-07
3,1439.93,15.51,sit amet,Home,2017-12-26
1,1276.94,102.13,vestibulum ac est lacinia,Home,2017-01-07
2,1246.44,197.53,pede justo,Jewelery,2017-01-04
3,1730.75,184.78,elit proin risus,Industrial,2016-08-28
3,1166.94,91.19,amet consectetuer adipiscing,Sports,2016-10-10
2,1476.78,154.94,amet eleifend pede libero,Electronics,2017-10-27
1,1410.03,73.03,lorem ipsum dolor sit amet,Grocery,2016-10-15
3,1819.43,62.12,varius integer,Kids,2017-09-16
